customer_event_id,x_activity,y_activity,activity_intensity,source,reference_pattern
EVT-0001,0.8306310865835039,-0.42883419247652527,62.69,dense_activity,1
EVT-0002,0.7500167226147055,0.8272653042320544,76.11,dense_activity,0
EVT-0003,1.0362742504404245,-0.4888664721375194,66.78,dense_activity,1
EVT-0004,-0.28745365236040554,0.9667234373946575,55.84,dense_activity,0
EVT-0005,0.3119539560183042,1.102409151588399,66.3,dense_activity,0
EVT-0006,1.260577650302443,-0.4902095512731076,66.33,dense_activity,1
EVT-0007,1.065008566051115,-0.414284415581918,54.07,dense_activity,1
EVT-0008,0.043915383918353534,1.0795279954025614,55.06,dense_activity,0
EVT-0009,0.603820357698038,0.6913938757770945,61.23,dense_activity,0
EVT-0010,1.774030655292002,-0.17464333351266303,73.85,dense_activity,1
EVT-0011,1.0018324163606915,0.08105577366252613,71.4,dense_activity,0
EVT-0012,-0.676475124760538,0.5427184212732303,38.9,dense_activity,0
EVT-0013,1.503669497949962,-0.49564862818042976,68.85,dense_activity,1
EVT-0014,0.39616667823370705,0.8104158777883633,74.65,dense_activity,0
EVT-0015,1.1022014238859044,-0.5020315380553929,61.68,dense_activity,1
EVT-0016,1.2092125976301316,-0.49932121894050074,70.2,dense_activity,1
EVT-0017,1.9919708959769382,0.4116130644151488,85.19,dense_activity,1
EVT-0018,0.9330238692317102,0.40662682283188545,70.44,dense_activity,0
EVT-0019,0.45300038886379823,-0.3803436166942841,47.89,dense_activity,1
EVT-0020,1.5310030609519645,-0.37240236619667505,71.06,dense_activity,1
EVT-0021,1.965977739264208,0.3456130611767803,94.58,dense_activity,1
EVT-0022,2.0731860893742304,0.4164099833590719,81.95,dense_activity,1
EVT-0023,-0.04427295621998484,0.15769838930954122,53.7,dense_activity,1
EVT-0024,0.854530009489008,-0.40854313531293474,61.91,dense_activity,1
EVT-0025,0.5274230379984375,0.7178979837510043,64.54,dense_activity,0
EVT-0026,1.8628054670017498,0.2827666380031648,78.25,dense_activity,1
EVT-0027,1.883806726547493,0.4115638696208561,89.28,dense_activity,1
EVT-0028,-0.8578503108454169,0.45194285288387936,36.81,dense_activity,0
EVT-0029,0.2771552387111454,1.108220289776816,69.68,dense_activity,0
EVT-0030,0.4469715122773185,-0.3733357684400758,53.7,dense_activity,1
EVT-0031,1.9696471209067647,0.1414468375726721,96.76,dense_activity,1
EVT-0032,0.4250808473355428,-0.36412703154993814,51.85,dense_activity,1
EVT-0033,1.8715239908985601,-0.1471820937184762,75.78,dense_activity,1
EVT-0034,-0.5676819341901741,0.8247533142400422,50.75,dense_activity,0
EVT-0035,0.9803003175059599,0.11399217215319964,70.33,dense_activity,0
EVT-0036,0.4620918294656101,-0.46778431511583074,60.86,dense_activity,1
EVT-0037,1.303041089029093,-0.40082595212567845,73.66,dense_activity,1
EVT-0038,0.7142499491985107,0.7905716609924057,74.48,dense_activity,0
EVT-0039,-0.8991350407829972,0.5179047836418459,48.81,dense_activity,0
EVT-0040,0.7143500606634476,0.7757303982112088,65.03,dense_activity,0
EVT-0041,1.2190609654261728,-0.5644046501780041,61.33,dense_activity,1
EVT-0042,0.21158055492896224,0.8956933431410798,59.0,dense_activity,0
EVT-0043,1.9079898174435854,0.386678211795837,86.65,dense_activity,1
EVT-0044,-0.7456481926081929,0.5818623039647832,35.3,dense_activity,0
EVT-0045,0.8715037855111314,0.2925320651864633,73.01,dense_activity,0
EVT-0046,0.6833262667579371,0.8611039198827057,71.3,dense_activity,0
EVT-0047,1.0485668581760286,0.040201990117864364,60.53,dense_activity,0
EVT-0048,1.0533976170036594,0.2233407669224473,65.55,dense_activity,0
EVT-0049,1.4485530901204886,-0.4787618498365706,72.21,dense_activity,1
EVT-0050,0.8982039948466101,0.2706261670381571,74.44,dense_activity,0
EVT-0051,0.42267279540840164,0.8742327627774032,80.08,dense_activity,0
EVT-0052,-0.805741846234357,0.7931208706015512,62.5,dense_activity,0
EVT-0053,-0.0945228604483071,1.0180272589545585,63.0,dense_activity,0
EVT-0054,1.397677626850768,-0.38506903334157755,64.6,dense_activity,1
EVT-0055,-0.7960015915987687,0.6074945821206837,30.17,dense_activity,0
EVT-0056,0.7014482514317686,0.7539974952318527,73.28,dense_activity,0
EVT-0057,-0.26465239960870246,0.9720784796241674,52.02,dense_activity,0
EVT-0058,0.9086556062908163,0.20754231550349592,66.35,dense_activity,0
EVT-0059,-0.9171510606065536,0.500905641642803,35.83,dense_activity,0
EVT-0060,0.46291752905241057,0.9519673830789522,68.91,dense_activity,0
EVT-0061,1.9412428955097587,0.371326731926936,95.79,dense_activity,1
EVT-0062,-0.08798135625458263,0.2913352932199977,52.85,dense_activity,1
EVT-0063,0.3578819675251478,-0.2999356578969837,51.89,dense_activity,1
EVT-0064,1.9312943059276504,0.1794530479666764,80.7,dense_activity,1
EVT-0065,0.42945774172299445,0.8906742839723742,58.37,dense_activity,0
EVT-0066,0.8721539098278352,0.5211065615736872,69.03,dense_activity,0
EVT-0067,1.8806766490263098,-0.05793123804661166,82.83,dense_activity,1
EVT-0068,0.7438775232671349,0.5625560614698074,80.75,dense_activity,0
EVT-0069,-0.8854150314688225,0.10478301322290678,36.1,dense_activity,0
EVT-0070,1.2322235565315798,-0.47944248759061214,72.32,dense_activity,1
EVT-0071,0.8228469805161364,-0.5108102249184266,55.69,dense_activity,1
EVT-0072,0.6763233526530628,-0.44012519535139655,49.78,dense_activity,1
EVT-0073,0.005402898961265203,0.17413533398085385,46.4,dense_activity,1
EVT-0074,0.15035188696286444,0.15984303408850994,50.27,dense_activity,1
EVT-0075,0.3604795136945156,-0.23369301652566146,66.46,dense_activity,1
EVT-0076,0.34296191561653694,-0.0847314762124059,50.23,dense_activity,1
EVT-0077,-0.022643378905809523,0.37654183837542043,59.14,dense_activity,1
EVT-0078,0.5889256227576758,0.7159975467421463,63.78,dense_activity,0
EVT-0079,1.786187148609584,-0.09728139800703832,86.57,dense_activity,1
EVT-0080,1.9343816054440521,0.06472072574991285,87.91,dense_activity,1
EVT-0081,-0.624525310969003,0.9114109992370699,48.76,dense_activity,0
EVT-0082,0.472042997500428,0.9266101264501044,69.37,dense_activity,0
EVT-0083,1.9194796292806575,0.41642444552221064,85.62,dense_activity,1
EVT-0084,-0.4593049194243549,0.7964874939733674,53.97,dense_activity,0
EVT-0085,0.4613237652668539,-0.24131555327008838,52.68,dense_activity,1
EVT-0086,0.4391750681862022,0.9669505473645398,62.15,dense_activity,0
EVT-0087,-0.6403417148953406,0.7827174293229854,40.2,dense_activity,0
EVT-0088,1.5397415772127054,-0.2244312460389893,76.06,dense_activity,1
EVT-0089,0.3095060000205221,-0.23890765432399166,62.18,dense_activity,1
EVT-0090,-0.09043822467201224,0.30112867022441414,52.95,dense_activity,1
EVT-0091,1.0621744228149952,-0.45652841284973944,62.93,dense_activity,1
EVT-0092,2.0854791972951974,0.18296600257239687,91.45,dense_activity,1
EVT-0093,0.8283422213000101,-0.38111398534005453,68.17,dense_activity,1
EVT-0094,0.43964797883918477,-0.259836395963973,56.11,dense_activity,1
EVT-0095,1.5397564044614072,-0.16605655213923728,73.26,dense_activity,1
EVT-0096,0.6881257080776596,-0.54327894829366,62.5,dense_activity,1
EVT-0097,0.5032522556249416,0.7296364300754974,70.39,dense_activity,0
EVT-0098,0.7603670184125217,0.7285968812199601,81.64,dense_activity,0
EVT-0099,1.8390546548580753,-0.25683915890082026,81.12,dense_activity,1
EVT-0100,1.0241620480270066,0.11971524312292134,62.52,dense_activity,0
EVT-0101,-0.9252163583576635,-0.017648905643043777,24.93,dense_activity,0
EVT-0102,1.707955990338497,-0.23862862246139624,87.79,dense_activity,1
EVT-0103,0.8689796531957935,0.275238580563634,79.29,dense_activity,0
EVT-0104,0.34725874455711525,-0.210129862054795,52.65,dense_activity,1
EVT-0105,0.47142409770284865,-0.3654055173048152,51.8,dense_activity,1
EVT-0106,0.886830262117899,0.8278309276439291,84.67,dense_activity,0
EVT-0107,0.25892712388707173,-0.12150160875544946,46.56,dense_activity,1
EVT-0108,-0.9964312530099148,0.1882666229637137,28.96,dense_activity,0
EVT-0109,0.4314156270329987,-0.3736549342900743,57.14,dense_activity,1
EVT-0110,0.05283384063658625,0.9807346474945448,60.35,dense_activity,0
EVT-0111,-0.2490114843740365,0.9907143536902391,57.38,dense_activity,0
EVT-0112,1.5877970101458785,-0.3158758720662221,73.81,dense_activity,1
EVT-0113,0.5819867032021073,-0.37318978831797356,58.02,dense_activity,1
EVT-0114,1.0083204396073016,0.25169092914484825,79.61,dense_activity,0
EVT-0115,2.0376282708135944,0.09155910972800037,88.32,dense_activity,1
EVT-0116,0.10553450762589554,0.05993570570653077,56.48,dense_activity,1
EVT-0117,-0.9642946233472879,0.07406087739289752,21.23,dense_activity,0
EVT-0118,-1.0762932181287703,0.02639242803229977,30.65,dense_activity,0
EVT-0119,0.11651008365874127,0.958868536049394,58.54,dense_activity,0
EVT-0120,0.8823480932176024,0.40862556053922217,63.47,dense_activity,0
EVT-0121,-1.0508442578139645,0.3732806463526453,30.3,dense_activity,0
EVT-0122,-0.6312348074792199,0.6379222273519807,44.29,dense_activity,0
EVT-0123,0.4660343968980917,-0.3708345472345421,59.43,dense_activity,1
EVT-0124,-0.15888164372355054,0.8892434831476294,49.85,dense_activity,0
EVT-0125,-0.9442056977837634,0.34867711630173304,37.37,dense_activity,0
EVT-0126,-0.8507664805530228,0.4229801192856224,36.86,dense_activity,0
EVT-0127,1.3966556987698238,-0.4448381364407339,67.84,dense_activity,1
EVT-0128,-0.8193075352733195,0.611318250300092,48.6,dense_activity,0
EVT-0129,-0.019766185494491807,0.8769713699912336,63.4,dense_activity,0
EVT-0130,0.4941925069131477,-0.35426866290267045,62.67,dense_activity,1
EVT-0131,0.9090139932329423,0.21037962092167975,67.96,dense_activity,0
EVT-0132,0.20439639839298446,1.0003826762744048,61.51,dense_activity,0
EVT-0133,2.0684436559831862,0.1366329898825975,87.53,dense_activity,1
EVT-0134,0.07737085664699339,0.300521878247088,56.45,dense_activity,1
EVT-0135,-0.32527897778068693,1.1771913103853526,59.33,dense_activity,0
EVT-0136,0.7200500732853851,0.6958452402624801,64.8,dense_activity,0
EVT-0137,-0.704315851858395,0.5976439355025214,45.04,dense_activity,0
EVT-0138,1.0930275876301254,0.31814455624824783,74.86,dense_activity,0
EVT-0139,0.9610754257177622,0.2232335712547344,85.08,dense_activity,0
EVT-0140,0.07517379519147403,0.3126849999920937,66.37,dense_activity,1
EVT-0141,0.7390172676516619,0.6133930406572403,65.54,dense_activity,0
EVT-0142,-0.9252601094108067,0.3341168125236761,35.63,dense_activity,0
EVT-0143,2.118107265146425,0.39913201271376286,84.13,dense_activity,1
EVT-0144,0.4223825411047979,0.8509220812541552,64.27,dense_activity,0
EVT-0145,0.17995711560004282,0.4168274374224514,60.13,dense_activity,1
EVT-0146,0.004315993864650786,0.3114638790735532,61.05,dense_activity,1
EVT-0147,0.9920540031661595,0.3344168686363925,67.5,dense_activity,0
EVT-0148,-0.8912390317150888,0.3232648650958472,33.91,dense_activity,0
EVT-0149,0.059722791323975906,0.34746931049555735,42.36,dense_activity,1
EVT-0150,1.6484487831728722,-0.2589278081009359,75.59,dense_activity,1
EVT-0151,1.0552243991079875,0.11088985878452724,63.95,dense_activity,0
EVT-0152,0.07385524402139027,1.0286582285286048,60.5,dense_activity,0
EVT-0153,0.8921138503747009,0.4409085771278591,66.09,dense_activity,0
EVT-0154,0.9591401448251347,0.24610966819762597,69.65,dense_activity,0
EVT-0155,2.0211995410281673,0.11181601758846692,77.18,dense_activity,1
EVT-0156,0.9139232839594066,-0.5056017261622271,51.58,dense_activity,1
EVT-0157,1.0180480417349047,0.09827162418212916,82.28,dense_activity,0
EVT-0158,-1.0989582936671154,0.4945361436160612,28.43,dense_activity,0
EVT-0159,1.2358180949757251,-0.3520979314517525,61.44,dense_activity,1
EVT-0160,0.7784048361338423,0.5112818360248846,81.17,dense_activity,0
EVT-0161,0.010245782965769473,1.0907484833621606,80.7,dense_activity,0
EVT-0162,0.4371106847297017,-0.3225649660190506,46.97,dense_activity,1
EVT-0163,1.5587570485173223,-0.242261058793693,72.94,dense_activity,1
EVT-0164,0.9328505029486369,0.4368585778162477,74.08,dense_activity,0
EVT-0165,1.7453021922284349,-0.08614559490434007,90.75,dense_activity,1
EVT-0166,2.0110017438834924,0.20808888851268437,82.77,dense_activity,1
EVT-0167,0.9202670092379034,0.290286976726301,68.58,dense_activity,0
EVT-0168,0.9922205878110855,0.22627382688426712,75.24,dense_activity,0
EVT-0169,1.805786726126138,-0.028797518427212267,84.77,dense_activity,1
EVT-0170,0.03831719460690497,1.0290947956988787,60.78,dense_activity,0
EVT-0171,1.0622924750054312,0.3800286381764686,72.88,dense_activity,0
EVT-0172,-0.16056948645056884,0.930770039268747,50.03,dense_activity,0
EVT-0173,1.7990814795058474,0.34525072040303695,85.1,dense_activity,1
EVT-0174,0.18170044350307368,1.1465879000745698,65.43,dense_activity,0
EVT-0175,0.18594703276057872,1.10880735655786,68.05,dense_activity,0
EVT-0176,-0.6832412168400355,0.7527746972786852,43.4,dense_activity,0
EVT-0177,0.8551164266088467,-0.5452006533691305,61.68,dense_activity,1
EVT-0178,-0.5968495457641142,0.7724493748611576,54.6,dense_activity,0
EVT-0179,-0.17846514996125315,0.899648830298272,58.52,dense_activity,0
EVT-0180,0.8649986922010281,-0.4822475331950061,61.89,dense_activity,1
EVT-0181,1.149118275483199,-0.383300126778226,66.4,dense_activity,1
EVT-0182,-0.8238052215043961,0.592656328808428,42.28,dense_activity,0
EVT-0183,1.3950755759863978,-0.4607273432628453,65.25,dense_activity,1
EVT-0184,-0.043286707211557876,0.1073316324384165,52.41,dense_activity,1
EVT-0185,1.883441316911606,-0.13964626989116685,81.64,dense_activity,1
EVT-0186,-0.10189008061879197,0.9266291946229415,71.84,dense_activity,0
EVT-0187,0.9266430124041897,-0.5401063373372521,69.64,dense_activity,1
EVT-0188,0.5948427012209107,0.7666466473361291,72.22,dense_activity,0
EVT-0189,-0.8024793059884563,0.4538869871651634,36.42,dense_activity,0
EVT-0190,-0.526602310732294,0.9136905056084869,44.81,dense_activity,0
EVT-0191,2.060175589048519,0.4214843751140625,99.29,dense_activity,1
EVT-0192,0.9730473852050003,-0.49378090503257815,63.17,dense_activity,1
EVT-0193,1.301889305042698,-0.4252169361343526,71.21,dense_activity,1
EVT-0194,-0.05129430715361619,0.24676872963329993,41.57,dense_activity,1
EVT-0195,0.14044410466829158,1.0488803852520208,70.68,dense_activity,0
EVT-0196,-1.0503554974584723,-0.0365167293048159,33.38,dense_activity,0
EVT-0197,-0.22236611841509926,0.9678032810731015,50.95,dense_activity,0
EVT-0198,0.5694015187149887,0.7949042981279291,66.96,dense_activity,0
EVT-0199,-0.3318044260001077,1.0251334561873535,57.91,dense_activity,0
EVT-0200,0.8621413238924212,-0.56381811116405,59.07,dense_activity,1
EVT-0201,1.8542837480862746,-0.013756377560090169,81.46,dense_activity,1
EVT-0202,0.6012278470483022,0.841304103148958,70.3,dense_activity,0
EVT-0203,-1.032328828950471,-0.1088614239824839,28.6,dense_activity,0
EVT-0204,-0.5965621350044745,0.9821689590261259,51.96,dense_activity,0
EVT-0205,-0.44413727229640226,0.9718134178632616,62.5,dense_activity,0
EVT-0206,-0.7295317890447326,0.5147783050228314,27.65,dense_activity,0
EVT-0207,-0.7828660734928856,0.40809442963089915,39.38,dense_activity,0
EVT-0208,0.5526248180688815,0.5361789188662369,67.44,dense_activity,0
EVT-0209,1.9383647463961273,0.2560077346983017,89.74,dense_activity,1
EVT-0210,0.7507436597068701,-0.49502329819692653,55.34,dense_activity,1
EVT-0211,-0.06214935272533459,0.5691226038765386,45.17,dense_activity,1
EVT-0212,0.07410942381572351,1.068956853630096,66.13,dense_activity,0
EVT-0213,0.3647727991224515,-0.3498255785199996,62.73,dense_activity,1
EVT-0214,0.1273023577444084,-0.12639185792227847,41.57,dense_activity,1
EVT-0215,0.19484207467853035,0.44813304615956945,64.07,dense_activity,1
EVT-0216,0.80517101448125,-0.6077892721074751,55.23,dense_activity,1
EVT-0217,1.3149545080502072,-0.3792319514967028,68.75,dense_activity,1
EVT-0218,-0.8898566813920434,0.344952868965392,31.8,dense_activity,0
EVT-0219,0.733027519475281,-0.4588158630028369,55.68,dense_activity,1
EVT-0220,-1.109140082807437,0.12058489597959819,39.28,dense_activity,0
EVT-0221,1.1118059286171436,-0.5492244583280244,66.92,dense_activity,1
EVT-0222,0.09715880575590366,0.23681078022319918,64.98,dense_activity,1
EVT-0223,1.0011623739988318,0.510618142933208,81.21,dense_activity,0
EVT-0224,-0.7675883835753619,0.6760590733668824,46.93,dense_activity,0
EVT-0225,-0.10654271506326973,0.9452545431101239,69.89,dense_activity,0
EVT-0226,0.8432105334843124,-0.49849972779644314,61.83,dense_activity,1
EVT-0227,-1.0336756431104546,0.13921887723771648,38.03,dense_activity,0
EVT-0228,1.6798441612173458,-0.09287745085851426,77.34,dense_activity,1
EVT-0229,0.07386740518928908,0.09668064224118678,52.89,dense_activity,1
EVT-0230,0.7479801338648587,0.6043273252304155,66.53,dense_activity,0
EVT-0231,0.1680132045442875,1.0105526034696939,71.09,dense_activity,0
EVT-0232,0.4282496559142414,0.800656527295586,60.25,dense_activity,0
EVT-0233,1.8279913281358138,-0.20718865147250876,85.11,dense_activity,1
EVT-0234,0.937563352142388,0.19718634764450227,68.1,dense_activity,0
EVT-0235,0.8643788584932801,-0.5733250892833432,65.71,dense_activity,1
EVT-0236,0.5697818788881761,-0.45272434180586096,59.33,dense_activity,1
EVT-0237,0.5778888793850927,-0.3491139421619216,67.14,dense_activity,1
EVT-0238,-0.3389281517828844,0.9524673287036713,59.71,dense_activity,0
EVT-0239,-0.2152017184987491,0.9581994844966517,48.19,dense_activity,0
EVT-0240,-0.6719713975538202,0.7882770063059429,46.96,dense_activity,0
EVT-0241,1.2261243061456586,-0.6662491419467566,57.04,dense_activity,1
EVT-0242,-0.7242546489344122,0.7547755543753303,42.91,dense_activity,0
EVT-0243,1.7757150546410858,-0.13829052820252682,89.37,dense_activity,1
EVT-0244,1.0604045372950155,0.05709297474121172,73.6,dense_activity,0
EVT-0245,1.1227086295733932,-0.5975491342184959,58.84,dense_activity,1
EVT-0246,0.4750046636913171,0.9472570950321514,63.83,dense_activity,0
EVT-0247,0.49744661250328037,0.9388641462440206,70.42,dense_activity,0
EVT-0248,0.855850589514878,0.5704018320778307,64.95,dense_activity,0
EVT-0249,0.3365463793293288,-0.23142554439804597,49.25,dense_activity,1
EVT-0250,-0.5277618594386284,0.95021763690996,53.77,dense_activity,0
EVT-0251,1.9465046134128279,0.1628913238985506,93.92,dense_activity,1
EVT-0252,0.20431780961490037,-0.03836697856606143,56.87,dense_activity,1
EVT-0253,1.9896562946725007,0.18090906259974876,74.24,dense_activity,1
EVT-0254,-0.8037610701783274,0.5160324818466927,43.55,dense_activity,0
EVT-0255,0.19305934471227926,-0.18780976844102587,51.65,dense_activity,1
EVT-0256,1.5212668552958182,-0.38707160499679977,75.22,dense_activity,1
EVT-0257,-0.23985363530302986,0.8847713844936201,66.0,dense_activity,0
EVT-0258,1.0600532624610148,-0.5020386199219715,50.68,dense_activity,1
EVT-0259,-0.35852480438918916,0.8264345167031366,49.92,dense_activity,0
EVT-0260,1.8499910187400226,0.010080994301187154,86.97,dense_activity,1
EVT-0261,0.04722603839346297,0.044265691587203074,41.89,dense_activity,1
EVT-0262,-0.004159794009966845,0.9504035410215226,70.19,dense_activity,0
EVT-0263,0.9678627397837091,-0.4208785000736881,64.58,dense_activity,1
EVT-0264,0.28673547593691273,0.9394022528463906,71.51,dense_activity,0
EVT-0265,-0.13495787812655102,1.0245606999631927,56.44,dense_activity,0
EVT-0266,-0.9292240147296366,0.2284328096575508,40.9,dense_activity,0
EVT-0267,1.853972890307575,-0.08160454782906378,88.8,dense_activity,1
EVT-0268,0.3509137031303024,0.9117235185050687,68.65,dense_activity,0
EVT-0269,1.4064134791335647,-0.4571824953712506,71.24,dense_activity,1
EVT-0270,-0.11489965052482962,0.9785401594308597,61.3,dense_activity,0
EVT-0271,-0.6460580560851273,0.6957132447473574,41.54,dense_activity,0
EVT-0272,-0.8437311581494961,0.5472914392401045,40.5,dense_activity,0
EVT-0273,-0.8975194967499148,0.010883681165802763,33.06,dense_activity,0
EVT-0274,0.33300652737989256,-0.3429970353266384,54.18,dense_activity,1
EVT-0275,0.2789331719048677,0.028043223406630846,61.36,dense_activity,1
EVT-0276,0.7754984946132137,-0.6072600651670234,50.32,dense_activity,1
EVT-0277,1.2210016076987966,-0.49325130992863947,65.31,dense_activity,1
EVT-0278,1.0660707222516301,-0.36937406132428463,73.65,dense_activity,1
EVT-0279,0.19891937256010753,-0.05877501729920914,48.41,dense_activity,1
EVT-0280,0.006848203506111409,1.1041244360992692,58.44,dense_activity,0
EVT-0281,0.299869824996356,-0.04730729389750152,56.04,dense_activity,1
EVT-0282,-1.1452203292529919,0.3769017767861258,38.98,dense_activity,0
EVT-0283,1.5053337168224388,-0.2784448888733897,73.82,dense_activity,1
EVT-0284,-0.9100059629350283,0.3680407101690923,46.01,dense_activity,0
EVT-0285,-0.008677484387381251,0.9854951859985694,66.81,dense_activity,0
EVT-0286,1.5412300590173162,-0.3813416087197752,78.22,dense_activity,1
EVT-0287,-0.0017687403534910329,0.07014944205317442,54.13,dense_activity,1
EVT-0288,1.7082887023085735,-0.15461963839109566,92.86,dense_activity,1
EVT-0289,1.040447174125064,-0.6562122459371457,59.62,dense_activity,1
EVT-0290,-0.00876352794958174,-0.01700722938006497,37.62,dense_activity,1
EVT-0291,0.7905384334614821,-0.41408451131184004,68.89,dense_activity,1
EVT-0292,0.03082521174562952,0.020684340444769626,48.06,dense_activity,1
EVT-0293,1.249567297138128,-0.5296703029319816,66.78,dense_activity,1
EVT-0294,0.5296934773453632,-0.3466123282909701,63.23,dense_activity,1
EVT-0295,0.1776079429405968,0.9913624478624844,55.48,dense_activity,0
EVT-0296,-0.6164358340493953,0.842367600366975,41.5,dense_activity,0
EVT-0297,0.24035803006516948,-0.15467882861772597,42.86,dense_activity,1
EVT-0298,1.7488486102309733,-0.2730578679841025,73.44,dense_activity,1
EVT-0299,2.0349211302379393,0.31139786678814035,93.0,dense_activity,1
EVT-0300,1.9431326897873296,0.2670403277173331,91.33,dense_activity,1
EVT-0301,1.6027099018061306,-0.23616712610777058,77.67,dense_activity,1
EVT-0302,-0.9724525768520538,0.08801335800698523,25.08,dense_activity,0
EVT-0303,0.3291882745858526,-0.011829329730992766,41.92,dense_activity,1
EVT-0304,-0.4698399761617318,0.7502076287314327,50.87,dense_activity,0
EVT-0305,-0.1318611163467967,0.9892664265142077,56.67,dense_activity,0
EVT-0306,-0.7989254367651091,0.6809176152327509,46.55,dense_activity,0
EVT-0307,0.10846019300360504,0.45050552388501297,61.57,dense_activity,1
EVT-0308,-0.9870652298361422,0.2972713829033238,36.63,dense_activity,0
EVT-0309,0.007535950777346867,0.9391211814799799,65.97,dense_activity,0
EVT-0310,0.011398189697944365,0.9960673902340562,63.53,dense_activity,0
EVT-0311,0.7217974327896887,-0.4637434686459126,60.61,dense_activity,1
EVT-0312,-1.0186185622839226,0.3833304520513867,32.04,dense_activity,0
EVT-0313,1.3223841428563614,-0.43275007574909824,67.53,dense_activity,1
EVT-0314,1.3214114351355999,-0.45706044734970175,69.48,dense_activity,1
EVT-0315,-0.028291487845149427,1.0767880958985498,67.34,dense_activity,0
EVT-0316,0.10727914764007576,0.13733289953651817,51.22,dense_activity,1
EVT-0317,1.4852592023525233,-0.24455736370769715,76.93,dense_activity,1
EVT-0318,0.24971107140409782,1.0235717171602638,65.18,dense_activity,0
EVT-0319,1.0258789804566535,-0.49361735683268854,61.84,dense_activity,1
EVT-0320,0.3674421395212448,-0.3467969098028515,57.43,dense_activity,1
EVT-0321,-0.1418756915524238,0.9229801430469249,46.56,dense_activity,0
EVT-0322,1.8531080617967417,-0.10605793404129076,74.3,dense_activity,1
EVT-0323,0.864440162653816,0.5151624376078938,62.85,dense_activity,0
EVT-0324,1.8782414540177101,0.06926468010749293,70.64,dense_activity,1
EVT-0325,0.6415097001730968,0.7791271028493043,66.83,dense_activity,0
EVT-0326,0.20297919582621413,0.12130304162550497,59.61,dense_activity,1
EVT-0327,0.419332962096348,0.8322388508194163,65.83,dense_activity,0
EVT-0328,-1.0147222292228666,0.04358632435875908,33.44,dense_activity,0
EVT-0329,-0.7747226580921046,0.7253466584592658,51.29,dense_activity,0
EVT-0330,1.0904478722603024,-0.48002589939482443,71.83,dense_activity,1
EVT-0331,-0.33268607753403734,0.8890251656496557,54.27,dense_activity,0
EVT-0332,0.8996540852408652,0.12090736024235749,75.77,dense_activity,0
EVT-0333,0.9618554542364507,0.4781346447015401,73.6,dense_activity,0
EVT-0334,0.9771438841109806,0.299116085935701,66.15,dense_activity,0
EVT-0335,-0.48665815865675954,0.912967239637898,48.63,dense_activity,0
EVT-0336,-0.27116168730566115,0.9726059645832668,47.91,dense_activity,0
EVT-0337,1.4437007531671338,-0.5118567856614945,64.52,dense_activity,1
EVT-0338,0.4734658530716448,-0.3133841613346381,52.61,dense_activity,1
EVT-0339,-0.8530005526621209,0.311696540904552,43.21,dense_activity,0
EVT-0340,0.35518823630615487,0.8396606001191118,76.79,dense_activity,0
EVT-0341,0.8066968432370621,0.6874096301015507,64.48,dense_activity,0
EVT-0342,-1.0342553110950559,0.17909032601024197,35.89,dense_activity,0
EVT-0343,2.016924409008485,0.3552114044474515,84.32,dense_activity,1
EVT-0344,1.0078213940002994,-0.5256219664724298,64.68,dense_activity,1
EVT-0345,-0.7634058982309821,0.7382062257836517,44.33,dense_activity,0
EVT-0346,0.9564237695261644,0.4248269215767042,61.33,dense_activity,0
EVT-0347,1.941397784716416,0.5353977335435303,96.94,dense_activity,1
EVT-0348,1.5838093301689664,-0.28104182942903844,71.51,dense_activity,1
EVT-0349,-0.9436497951534604,0.7086035824675666,38.31,dense_activity,0
EVT-0350,-0.010780099722293185,0.11870925944372128,44.81,dense_activity,1
EVT-0351,-0.010625955655597768,0.36055595460534273,50.21,dense_activity,1
EVT-0352,1.4279102317452477,-0.38839767031095646,73.61,dense_activity,1
EVT-0353,0.9499788025756936,0.12073770320739237,67.41,dense_activity,0
EVT-0354,-0.009257976189337385,0.32377565378917184,55.69,dense_activity,1
EVT-0355,1.6930660078411368,-0.05450371965283667,81.99,dense_activity,1
EVT-0356,0.1927055404103681,0.9763358806341033,73.11,dense_activity,0
EVT-0357,-0.9248411685897148,0.21148002121426773,33.83,dense_activity,0
EVT-0358,1.7015033707431044,-0.4015947889028829,66.95,dense_activity,1
EVT-0359,-0.8763751848447902,0.43568476095206476,45.86,dense_activity,0
EVT-0360,-0.5625265564493015,0.744439324940218,46.82,dense_activity,0
EVT-0361,0.25787499962741894,1.0660352069276098,74.12,dense_activity,0
EVT-0362,0.22828264263295875,0.05020307828270411,57.01,dense_activity,1
EVT-0363,-0.8389050005663385,0.4793876277596666,39.87,dense_activity,0
EVT-0364,0.6939184815077271,0.6994377591779973,72.98,dense_activity,0
EVT-0365,0.7188345457535249,0.5521170209270448,81.27,dense_activity,0
EVT-0366,1.0083546653751885,0.3433062454670487,84.73,dense_activity,0
EVT-0367,0.09964971686572975,0.29402345632643107,55.74,dense_activity,1
EVT-0368,0.33203267224264676,-0.40877973680007396,52.03,dense_activity,1
EVT-0369,-0.7459607612149521,0.6210289672936168,50.48,dense_activity,0
EVT-0370,1.7922652947345263,-0.14051292688083464,75.5,dense_activity,1
EVT-0371,0.9583287528478166,0.4001263901913834,74.05,dense_activity,0
EVT-0372,1.6954078742605936,-0.196959676260547,78.0,dense_activity,1
EVT-0373,-0.9435075196251802,0.224535689309505,37.59,dense_activity,0
EVT-0374,0.018917277976740955,0.41332511519476134,50.3,dense_activity,1
EVT-0375,0.15160156821302015,0.13681675133210222,44.83,dense_activity,1
EVT-0376,-0.29699425931249235,0.8747516431563402,42.71,dense_activity,0
EVT-0377,1.7565986693899436,-0.21587637281134878,72.32,dense_activity,1
EVT-0378,-0.17706665851998704,1.0979217015257803,57.24,dense_activity,0
EVT-0379,0.8357572455023908,0.6703507461365414,71.33,dense_activity,0
EVT-0380,-0.0021734977052784987,1.0718689865696347,74.45,dense_activity,0
EVT-0381,0.1334973520541623,0.9672222591024552,70.65,dense_activity,0
EVT-0382,1.931683301734537,0.06186866676068045,79.74,dense_activity,1
EVT-0383,1.0377499600141715,0.12890725117647212,72.31,dense_activity,0
EVT-0384,0.38333809642102595,-0.3246873364166104,50.56,dense_activity,1
EVT-0385,1.8002680291315483,0.15113426549061104,82.51,dense_activity,1
EVT-0386,0.6545956973675374,0.9545993780286501,74.35,dense_activity,0
EVT-0387,0.17929868041470262,-0.14679623914442502,55.18,dense_activity,1
EVT-0388,0.9535169435814761,0.0698215789564322,65.97,dense_activity,0
EVT-0389,-0.3508799053994963,0.8905661255541794,60.75,dense_activity,0
EVT-0390,0.9601763411675295,0.4629156242616159,65.99,dense_activity,0
EVT-0391,1.1605784314694976,-0.4415795076301732,65.63,dense_activity,1
EVT-0392,1.926626673408508,0.23729154179383982,103.11,dense_activity,1
EVT-0393,1.4233030247096237,-0.21507877581453086,74.38,dense_activity,1
EVT-0394,-0.9452780375450726,0.41017634750526183,46.51,dense_activity,0
EVT-0395,0.18384686159055522,0.026455727484802474,54.18,dense_activity,1
EVT-0396,1.7809229017446797,-0.1982625675779362,83.16,dense_activity,1
EVT-0397,1.5777812238063333,-0.36691906700850874,73.66,dense_activity,1
EVT-0398,0.49388735105898707,-0.5615072083018144,51.13,dense_activity,1
EVT-0399,-1.0232944878686838,0.2099761956942061,29.42,dense_activity,0
EVT-0400,-0.8985765311050847,0.6095767184641168,43.72,dense_activity,0
EVT-0401,-0.7685065337190491,0.5457248325681212,37.61,dense_activity,0
EVT-0402,0.1741891982387429,-0.2120938517354972,54.58,dense_activity,1
EVT-0403,1.8100766711299772,-0.01610615536466014,88.9,dense_activity,1
EVT-0404,-0.06696048246854458,0.47692058610400356,56.72,dense_activity,1
EVT-0405,2.111139840209781,0.23822664524408396,89.14,dense_activity,1
EVT-0406,2.1224559338007483,0.4030700109380478,95.76,dense_activity,1
EVT-0407,0.23548327136037261,-0.1734817824927959,50.3,dense_activity,1
EVT-0408,0.6302403749752498,-0.5745702537495775,60.06,dense_activity,1
EVT-0409,0.15735289884151132,0.37789030091870923,46.38,dense_activity,1
EVT-0410,-0.927627358838556,0.5278151355901012,37.62,dense_activity,0
EVT-0411,-0.41192328633625075,0.8733607441588003,41.12,dense_activity,0
EVT-0412,0.7125076478692938,0.46696627922836376,59.46,dense_activity,0
EVT-0413,-0.773271024308248,0.34861089480525054,48.45,dense_activity,0
EVT-0414,1.3158915997047478,-0.5305133618537184,72.69,dense_activity,1
EVT-0415,-0.6914167738113609,0.6861621957791344,41.47,dense_activity,0
EVT-0416,0.20884952167558446,-0.27537496553784746,41.44,dense_activity,1
EVT-0417,0.11178080508763076,0.26627656690064916,37.42,dense_activity,1
EVT-0418,0.28134000488020877,0.8083464382571591,61.5,dense_activity,0
EVT-0419,0.8376738654863832,0.6927329573567431,87.91,dense_activity,0
EVT-0420,1.2640341556087373,-0.49540297469596273,69.42,dense_activity,1
EVT-0421,1.118720679172961,0.1857008803592087,69.01,dense_activity,0
EVT-0422,1.7198667298078514,-0.20201783750614058,81.32,dense_activity,1
EVT-0423,1.9882741680116822,0.25132851498233283,79.44,dense_activity,1
EVT-0424,0.7681182117422748,0.5393342703811245,68.51,dense_activity,0
EVT-0425,1.6610952581628537,-0.288593229273551,77.03,dense_activity,1
EVT-0426,0.49634259801802877,0.6623500019720368,66.37,dense_activity,0
EVT-0427,-0.9656610380841625,0.5648202020813324,44.14,dense_activity,0
EVT-0428,0.7502769127269038,0.43791112646821795,70.83,dense_activity,0
EVT-0429,-0.066496308956698,0.343600962400038,56.94,dense_activity,1
EVT-0430,1.6197876666180142,-0.2794840764885626,71.67,dense_activity,1
EVT-0431,0.8633806893293734,-0.5263013875822588,64.61,dense_activity,1
EVT-0432,0.3561322563272944,0.9482913220168022,77.56,dense_activity,0
EVT-0433,0.6273178431610424,-0.4927824583737668,49.56,dense_activity,1
EVT-0434,1.9428042278387587,0.19255758622314062,81.95,dense_activity,1
EVT-0435,0.8061751086096581,0.6225195942042046,80.0,dense_activity,0
EVT-0436,0.6061847692778468,-0.4106034469735928,54.84,dense_activity,1
EVT-0437,0.061911725837180735,0.3348590969894413,63.56,dense_activity,1
EVT-0438,-0.956964928231545,0.1750399128328816,32.22,dense_activity,0
EVT-0439,0.847758502749676,0.234044258833415,76.8,dense_activity,0
EVT-0440,0.3435299478893577,-0.31458217398445076,53.2,dense_activity,1
EVT-0441,0.5045944602026207,0.8659498615699186,71.02,dense_activity,0
EVT-0442,1.1374100263352873,-0.5256654423407601,73.55,dense_activity,1
EVT-0443,0.06448960580313007,0.15496684080302742,50.85,dense_activity,1
EVT-0444,-0.4323894027539159,0.8556107097448383,46.84,dense_activity,0
EVT-0445,0.4190831054689202,-0.2763158973427131,51.54,dense_activity,1
EVT-0446,1.972135754490052,0.4829101652631961,94.01,dense_activity,1
EVT-0447,-0.04610370255534986,0.8927151026686062,50.49,dense_activity,0
EVT-0448,0.3225837378767906,-0.25886086591847424,56.53,dense_activity,1
EVT-0449,2.059273051698256,0.41469622333042383,88.81,dense_activity,1
EVT-0450,0.42121555240530767,-0.42646464096965,59.35,dense_activity,1
EVT-0451,-0.9173686163257007,0.24408841832965772,22.05,dense_activity,0
EVT-0452,0.7540214321012334,0.6272077730260294,66.38,dense_activity,0
EVT-0453,0.7662784127984067,-0.46608641534152034,48.08,dense_activity,1
EVT-0454,0.9027195107227046,0.6421551106770108,69.0,dense_activity,0
EVT-0455,2.0920557779432647,-0.0138222080476058,88.98,dense_activity,1
EVT-0456,-0.7070193807801919,0.8240588140862088,46.09,dense_activity,0
EVT-0457,1.5955149227851486,-0.16979331639311002,75.16,dense_activity,1
EVT-0458,-0.6050637974481278,0.7111363348608839,46.69,dense_activity,0
EVT-0459,2.0127400157786766,0.5987170515359812,94.63,dense_activity,1
EVT-0460,-0.729628614770706,0.7995094354211384,40.41,dense_activity,0
EVT-0461,-0.5227155344249099,0.8749879386606354,55.33,dense_activity,0
EVT-0462,0.6526906008215729,0.6320389506342795,73.31,dense_activity,0
EVT-0463,0.7173421442315195,0.562118854341165,71.97,dense_activity,0
EVT-0464,0.6538938397538959,-0.5101212944544915,58.99,dense_activity,1
EVT-0465,-0.8307520082852289,0.19657660362914844,39.18,dense_activity,0
EVT-0466,0.004653021226623918,0.5324933332082975,68.68,dense_activity,1
EVT-0467,0.9029350470769891,0.2741252958983657,69.02,dense_activity,0
EVT-0468,0.2458508986018299,-0.09686511943046515,51.42,dense_activity,1
EVT-0469,1.795934430682918,0.02121572304834063,78.06,dense_activity,1
EVT-0470,-0.4083729235611453,0.930971450014135,47.63,dense_activity,0
EVT-0471,0.009730998758108643,0.11065072555067838,44.04,dense_activity,1
EVT-0472,1.7181011393114711,-0.10958376049006174,74.28,dense_activity,1
EVT-0473,-0.7547768978296959,0.7279081208803351,44.72,dense_activity,0
EVT-0474,1.1678649205963325,-0.6620062273494081,65.08,dense_activity,1
EVT-0475,0.16215408011611068,0.15248487131617988,55.06,dense_activity,1
EVT-0476,1.5662653760818206,-0.352674868565856,69.37,dense_activity,1
EVT-0477,0.5334952930125371,-0.38624207432819013,60.37,dense_activity,1
EVT-0478,0.059378733826886416,0.3927659022989547,60.22,dense_activity,1
EVT-0479,0.27976718939903394,-0.05496777586669274,53.42,dense_activity,1
EVT-0480,-0.36850893059352247,0.8732314547834876,49.93,dense_activity,0
EVT-0481,-0.01738448133851557,1.0319089966242305,65.36,dense_activity,0
EVT-0482,-0.25098877780145235,0.9873595909438476,58.46,dense_activity,0
EVT-0483,0.7631015093808378,-0.44852436553032776,49.66,dense_activity,1
EVT-0484,0.2305481761496111,0.9299160941406418,64.9,dense_activity,0
EVT-0485,1.0061730773715087,-0.5265411556201544,63.36,dense_activity,1
EVT-0486,0.6407798521234787,0.7482319217156216,65.11,dense_activity,0
EVT-0487,1.828100583398909,-0.06486032367461804,83.27,dense_activity,1
EVT-0488,0.4150602818782679,-0.3947092456622741,44.01,dense_activity,1
EVT-0489,-1.0035551144671269,0.48382953554071556,45.76,dense_activity,0
EVT-0490,1.8735367468676745,0.10783786057327184,92.51,dense_activity,1
EVT-0491,0.01153265040100885,0.947209121830952,60.06,dense_activity,0
EVT-0492,2.125420942706514,0.5692199136657055,97.27,dense_activity,1
EVT-0493,0.8282166233865682,0.1016070882374153,51.67,dense_activity,0
EVT-0494,-0.639974534756456,0.6568784884257648,39.42,dense_activity,0
EVT-0495,0.5012167906005606,0.859136566662435,67.57,dense_activity,0
EVT-0496,0.24398215942902493,0.9917508160844937,59.86,dense_activity,0
EVT-0497,0.09238379201723902,0.1520843162662136,57.77,dense_activity,1
EVT-0498,0.5494857884387744,-0.3260534829333247,67.96,dense_activity,1
EVT-0499,1.5835356509014884,-0.3142135366377463,67.67,dense_activity,1
EVT-0500,0.20339870075897465,1.1159722122207119,62.03,dense_activity,0
EVT-0501,1.650615403935046,0.18497178733054143,83.34,rare_activity,-1
EVT-0502,2.0061112636278065,0.8828936784602828,106.37,rare_activity,-1
EVT-0503,-1.204455138871872,1.6341803494192413,40.6,rare_activity,-1
EVT-0504,1.5967867483594826,1.1223736242477753,93.7,rare_activity,-1
EVT-0505,-1.0619227427627074,0.21604203231803143,44.41,rare_activity,-1
EVT-0506,-0.042648298223158854,1.502265469891225,57.35,rare_activity,-1
EVT-0507,1.104233504338791,1.2214563558312412,76.85,rare_activity,-1
EVT-0508,0.26233963507479063,-0.38645545118110236,47.54,rare_activity,-1
EVT-0509,0.7292561054665061,-0.8276934085187266,50.07,rare_activity,-1
EVT-0510,1.8760509223688446,0.7054938776295752,97.11,rare_activity,-1
EVT-0511,1.58396850835857,-0.04277988604935534,79.45,rare_activity,-1
EVT-0512,2.4769317024585935,1.411427027569934,100.87,rare_activity,-1
EVT-0513,1.6692106877097999,-0.4744754887996875,77.44,rare_activity,-1
EVT-0514,0.36022821565354346,-0.8817298323744823,42.44,rare_activity,-1
EVT-0515,-0.9519841333162992,0.8442321737546277,50.64,rare_activity,-1
EVT-0516,1.5280010548128322,1.6122762775723674,93.09,rare_activity,-1
EVT-0517,-0.2315334958197619,0.0002412062941461457,42.02,rare_activity,-1
EVT-0518,0.3721344073583932,-0.4884273304724286,54.08,rare_activity,-1
EVT-0519,-1.0543296775910191,0.2844033008100213,39.01,rare_activity,-1
EVT-0520,-0.6469807339862867,0.808497785642778,50.74,rare_activity,-1
EVT-0521,0.23603805926378918,1.2482311293561614,59.11,rare_activity,-1
EVT-0522,1.3411134284094461,-0.1566100682684891,75.49,rare_activity,-1
EVT-0523,1.8954911658598443,1.1728637652413654,91.99,rare_activity,-1
EVT-0524,0.027409191926732746,-0.22151411938834087,49.25,rare_activity,-1
EVT-0525,1.266481116694897,-0.6226682942548635,56.78,rare_activity,-1
EVT-0526,-0.7603855496045451,-0.9801218716722851,27.23,rare_activity,-1
EVT-0527,1.7050823855089812,0.7950973127984868,85.39,rare_activity,-1
EVT-0528,1.3616945902306075,1.1079683837593133,80.11,rare_activity,-1
EVT-0529,0.3274462572610277,0.5356012290728132,66.6,rare_activity,-1
EVT-0530,-1.012852607863839,-0.6907688014528717,24.93,rare_activity,-1
EVT-0531,1.207292439519981,0.271959756586458,71.31,rare_activity,-1
EVT-0532,0.7739916472209929,1.0654969150232692,85.42,rare_activity,-1
EVT-0533,1.0658169440024814,0.4946643817765888,72.48,rare_activity,-1
EVT-0534,0.7486700751307369,-0.179334735230947,61.52,rare_activity,-1
EVT-0535,-1.4705650948146545,0.17913695092737836,27.29,rare_activity,-1
EVT-0536,-0.6987443741579774,0.10302733805651765,34.94,rare_activity,-1
EVT-0537,1.9842929077262976,-0.36836338816357994,84.12,rare_activity,-1
EVT-0538,-1.3551284849059229,-0.24026349154060933,19.52,rare_activity,-1
EVT-0539,-0.3669062173799289,0.7871745897626168,50.37,rare_activity,-1
EVT-0540,0.7395350398333691,1.1165251645873164,84.89,rare_activity,-1
EVT-0541,1.1901168693750277,0.09724452588819044,66.35,rare_activity,-1
EVT-0542,1.8188856155973454,-0.5491731162491994,61.67,rare_activity,-1
EVT-0543,-1.504609292837786,-0.7568707759057672,23.5,rare_activity,-1
EVT-0544,1.4339092725050913,0.24706852167874604,94.07,rare_activity,-1
EVT-0545,-0.9226585280588725,0.3528208927790817,35.19,rare_activity,-1
